{"loss": 0.03196, "accuracy": 0.9885, "precision": 0.98982, "recall": 0.98779}