{"loss": 0.02907, "accuracy": 0.9894, "precision": 0.99022, "recall": 0.98871}