{"loss": 0.03024, "accuracy": 0.9898, "precision": 0.99093, "recall": 0.98917}